{"R": 207.64166044444445, "G": 161.65192111111108, "B": 187.00971613333334}