{"train_idc_weight": 0.7153333333333334, "train_non_idc_weight": 0.2846666666666667}